Category,Cell_Type,Biomarker_Name,Gene_Symbol_Original,Gene_Symbol_Resolved,In_Xenium_5K_Panel,Recommendation,Alternative_or_Notes,Xenium_Full_Name,References,Manual_added,Primary_Cell_Type,Refined_Cell_Type,All_Cell_Types_Using_Biomarker,Number_Of_Cell_Types,Multi_Cell_Type_Marker
Cancer Stem Cells,Breast cancer stem cells,Aldehyde Dehydrogenase,ALDH,ALDH1A1,No,ALDH1A1 not available in panel,No direct alternative suggested,,15.1; 16.1,,Malignant cell,Malignant cell,Malignant cell,1,No
Cancer Stem Cells,Breast cancer stem cells,CD14,CD14,CD14,Yes,USE THIS GENE,Available as CD14,Monocyte differentiation antigen CD14 (Myeloid cell-specific leucine-rich glycoprotein) (CD antigen CD14),15.1; 16.1,,Malignant cell,Malignant cell,"Malignant cell, Pan-Myeloid",2,Yes
Cancer Stem Cells,Breast cancer stem cells,CD44+/CD24-,CD24,CD24,No,CD24 not available in panel,No direct alternative suggested,,15.1; 16.1,,Malignant cell,Malignant cell,Malignant cell,1,No
Cancer Stem Cells,Breast cancer stem cells,CD44 Variant 6,CD44V6,CD44,Yes,USE THIS GENE,Available as CD44,CD44 antigen (CDw44) (Epican) (Extracellular matrix receptor III) (ECMR-III) (GP90 lymphocyte homing/adhesion receptor) (HUTCH-I) (Heparan sulfate proteoglycan) (Hermes antigen) (Hyaluronate receptor) (Phagocytic glycoprotein 1) (PGP-1) (Phagocytic glycoprotein I) (PGP-I) (CD antigen CD44),15.1; 16.1,,Malignant cell,Malignant cell,Malignant cell,1,No
Cancer Stem Cells,Breast cancer stem cells,HER2,ERBB2,ERBB2,Yes,USE THIS GENE,Available as ERBB2,Receptor tyrosine-protein kinase erbB-2,15.1; 16.1,,Malignant cell,Malignant cell,Malignant cell,1,No
Cancer Stem Cells,Breast cancer stem cells,CD29 high,ITGB1,ITGB1,No,ITGB1 not available in panel,No direct alternative suggested,,15.1; 16.1,,Malignant cell,Malignant cell,Malignant cell,1,No
Cancer Stem Cells,Stem/progenitor cells,Aldehyde Dehydrogenase 1A1,ALDH1A1,ALDH1A1,No,ALDH1A1 not available in panel,No direct alternative suggested,,,,Epithelial cell,Epithelial cell,Epithelial cell,1,No
Classical Subtyping,HER2+ tumor cells,Human Epidermal Growth Factor Receptor 2,HER2,ERBB2,Yes,USE THIS GENE,Available as ERBB2,Receptor tyrosine-protein kinase erbB-2,15.1,,Malignant cell,Malignant cell,Malignant cell,1,No
Classical Subtyping,Luminal epithelial,Androgen Receptor,AR,AR,Yes,USE THIS GENE,Available as AR,Androgen receptor (Dihydrotestosterone receptor) (Nuclear receptor subfamily 3 group C member 4),12.1,,Epithelial cell,Epithelial cell,Epithelial cell,1,No
Classical Subtyping,Luminal epithelial,Estrogen Receptor Alpha,ESR1,ESR1,Yes,USE THIS GENE,Available as ESR1,Estrogen receptor (ER) (ER-alpha) (Estradiol receptor) (Nuclear receptor subfamily 3 group A member 1),12.1,,Epithelial cell,Epithelial cell,Epithelial cell,1,No
Classical Subtyping,Luminal epithelial,Progesterone Receptor,PGR,PGR,Yes,USE THIS GENE,Available as PGR,Progesterone receptor (PR) (Nuclear receptor subfamily 3 group C member 3),12.1,,Epithelial cell,Epithelial cell,Epithelial cell,1,No
Classical Subtyping,Proliferating cells,Ki-67,MKI67,MKI67,Yes,USE THIS GENE,Available as MKI67,Proliferation marker protein Ki-67 (Antigen identified by monoclonal antibody Ki-67) (Antigen KI-67) (Antigen Ki67),26.1,,Malignant cell,Malignant cell,Malignant cell,1,No
Epithelial - Basal,Basal-like tumor cells,Epidermal Growth Factor Receptor,EGFR,EGFR,Yes,USE THIS GENE,Available as EGFR,Epidermal growth factor receptor,,,Epithelial cell,Epithelial cell,Epithelial cell,1,No
Epithelial - Basal,Basal/Myoepithelial,Cytokeratin 14,KRT14,KRT14,No,KRT14 not available,KRT20 is available as alternative cytokeratin,,13.1; 14.1,,Epithelial cell,Epithelial cell,Epithelial cell,1,No
Epithelial - Basal,Basal/Myoepithelial,Cytokeratin 17,KRT17,KRT17,No,KRT17 not available,KRT20 is available as alternative cytokeratin,,,,Epithelial cell,Epithelial cell,Epithelial cell,1,No
Epithelial - Basal,Basal/Myoepithelial,Cytokeratin 5,KRT5,KRT5,No,KRT5 not available,KRT20 is available as alternative cytokeratin,,,,Epithelial cell,Epithelial cell,Epithelial cell,1,No
Epithelial - Basal,Basal/Myoepithelial,Tumor Protein P63,TP63,TP63,Yes,USE THIS GENE,Available as TP63,Tumor protein 63 (p63) (Chronic ulcerative stomatitis protein) (CUSP) (Keratinocyte transcription factor KET) (Transformation-related protein 63) (TP63) (Tumor protein p73-like) (p73L) (p40) (p51),,,Epithelial cell,Epithelial cell,Epithelial cell,1,No
Epithelial - General,Epithelial cells,E-Cadherin,CDH1,CDH1,Yes,USE THIS GENE,Available as CDH1,Cadherin-1 (CAM 120/80) (Epithelial cadherin) (E-cadherin) (Uvomorulin) (CD antigen CD324),11.1,,Epithelial cell,Epithelial cell,Epithelial cell,1,No
Epithelial - General,Epithelial cells,Epidermal Growth Factor Receptor,EGFR,EGFR,Yes,USE THIS GENE,Available as EGFR,Epidermal growth factor receptor,11.1,,Epithelial cell,Epithelial cell,Epithelial cell,1,No
Epithelial - General,Epithelial cells,Epithelial Cell Adhesion Molecule,EPCAM,EPCAM,Yes,USE THIS GENE,Available as EPCAM,Epithelial cell adhesion molecule (Ep-CAM) (Adenocarcinoma-associated antigen) (Cell surface glycoprotein Trop-1) (Epithelial cell surface antigen) (Epithelial glycoprotein) (EGP) (Epithelial glycoprotein 314) (EGP314) (hEGP314) (KS 1/4 antigen) (KSA) (Major gastrointestinal tumor-associated protein GA733-2) (Tumor-associated calcium signal transducer 1) (CD antigen CD326),11.1,,Epithelial cell,Epithelial cell,Epithelial cell,1,No
Epithelial - General,Epithelial cells,Cytokeratin 14,KRT14,KRT14,No,KRT14 not available,KRT20 is available as alternative cytokeratin,,11.1,,Epithelial cell,Epithelial cell,Epithelial cell,1,No
Epithelial - General,Epithelial cells,Cytokeratin 20,KRT20,KRT20,Yes,USE THIS GENE,Available as KRT20,"Keratin, type I cytoskeletal 20 (Cytokeratin-20) (CK-20) (Keratin-20) (K20) (Protein IT)",,,Epithelial cell,Epithelial cell,Epithelial cell,1,No
Epithelial - General,Epithelial cells,Cytokeratin 7,KRT7,KRT7,No,KRT7 not available,KRT20 is available as alternative cytokeratin,,,,Epithelial cell,Epithelial cell,Epithelial cell,1,No
Epithelial - General,Epithelial cells,Mucin 1,MUC1,MUC1,Yes,USE THIS GENE,Available as MUC1,Mucin-1 (MUC-1) (Breast carcinoma-associated antigen DF3) (Cancer antigen 15-3) (CA 15-3) (Carcinoma-associated mucin) (Episialin) (H23AG) (Krebs von den Lungen-6) (KL-6) (PEMT) (Peanut-reactive urinary mucin) (PUM) (Polymorphic epithelial mucin) (PEM) (Tumor-associated epithelial membrane antigen) (EMA) (Tumor-associated mucin) (CD antigen CD227),,,Epithelial cell,Epithelial cell,Epithelial cell,1,No
Epithelial - Luminal,Luminal epithelial,Forkhead Box A1,FOXA1,FOXA1,Yes,USE THIS GENE,Available as FOXA1,Hepatocyte nuclear factor 3-alpha (HNF-3-alpha) (HNF-3A) (Forkhead box protein A1) (Transcription factor 3A) (TCF-3A),,,Epithelial cell,Epithelial cell,Epithelial cell,1,No
Epithelial - Luminal,Luminal epithelial,GATA Binding Protein 3,GATA3,GATA3,Yes,USE THIS GENE,Available as GATA3,Trans-acting T-cell-specific transcription factor GATA-3 (GATA-binding factor 3),,,Epithelial cell,Epithelial cell,Epithelial cell,1,No
Epithelial - Luminal,Luminal epithelial,Cytokeratin 19,KRT19,KRT19,No,KRT19 not available,KRT20 is available as alternative cytokeratin,,,,Epithelial cell,Epithelial cell,Epithelial cell,1,No
Epithelial - Luminal,Luminal epithelial,Cytokeratin 8,KRT8,KRT8,No,KRT8 not available,KRT20 is available as alternative cytokeratin,,,,Epithelial cell,Epithelial cell,Epithelial cell,1,No
Epithelial - Luminal,Luminal hormone-responsive cells,Androgen Receptor,AR,AR,Yes,USE THIS GENE,Available as AR,Androgen receptor (Dihydrotestosterone receptor) (Nuclear receptor subfamily 3 group C member 4),12.1,,Epithelial cell,Epithelial cell,Epithelial cell,1,No
Epithelial - Luminal,Luminal hormone-responsive cells,Estrogen Receptor 1,ESR1,ESR1,Yes,USE THIS GENE,Available as ESR1,Estrogen receptor (ER) (ER-alpha) (Estradiol receptor) (Nuclear receptor subfamily 3 group A member 1),12.1,,Epithelial cell,Epithelial cell,Epithelial cell,1,No
Epithelial - Luminal,Luminal hormone-responsive cells,Progesterone Receptor,PGR,PGR,Yes,USE THIS GENE,Available as PGR,Progesterone receptor (PR) (Nuclear receptor subfamily 3 group C member 3),12.1,,Epithelial cell,Epithelial cell,Epithelial cell,1,No
Epithelial - Luminal,Luminal secretory cells,Cytokeratin 18,KRT18,KRT18,No,KRT18 not available,KRT20 is available as alternative cytokeratin,,13.1; 12.1,,Epithelial cell,Epithelial cell,Epithelial cell,1,No
Epithelial - Luminal,Luminal secretory cells,Matrix Metallopeptidase 7,MMP7,MMP7,No,MMP7 not available,Luminal secretory cell identification limited,,13.1; 12.1,,Epithelial cell,Epithelial cell,Epithelial cell,1,No
Epithelial - Luminal,Luminal secretory cells,Secretory Leukocyte Peptidase Inhibitor,SLPI,SLPI,No,SLPI not available,Luminal secretory cell identification limited,,13.1; 12.1,,Epithelial cell,Epithelial cell,Epithelial cell,1,No
Epithelial - Myoepithelial,Myoepithelial cells,Alpha Smooth Muscle Actin,ACTA2,ACTA2,No,ACTA2 not available,Consider TAGLN or MYH11 (also not available) - myoepithelial detection limited,,13.1; 14.1,,Epithelial cell,Epithelial cell,"Epithelial cell, Fibroblast",2,Yes
Epithelial - Myoepithelial,Myoepithelial cells,Calponin,CNN1,CNN1,No,CNN1 not available in panel,No direct alternative suggested,,,,Epithelial cell,Epithelial cell,Epithelial cell,1,No
Epithelial - Myoepithelial,Myoepithelial cells,Smooth Muscle Myosin Heavy Chain,MYH11,MYH11,No,MYH11 not available in panel,No direct alternative suggested,,,,Epithelial cell,Epithelial cell,Epithelial cell,1,No
Epithelial - Myoepithelial,Myoepithelial cells,Transgelin,TAGLN,TAGLN,No,TAGLN not available in panel,No direct alternative suggested,,13.1; 14.1,,Epithelial cell,Epithelial cell,Epithelial cell,1,No
Immune Cells,B cells,AICDA,AICDA,AICDA,Yes,USE THIS GENE,Available as AICDA,Single-stranded DNA cytosine deaminase,Proposed marker - comprehensive panel,Yes,B cell,B cell,B cell,1,No
Immune Cells,B cells,BCL6,BCL6,BCL6,Yes,USE THIS GENE,Available as BCL6,B-cell lymphoma 6 protein (BCL-6) (B-cell lymphoma 5 protein) (BCL-5) (Protein LAZ-3) (Zinc finger and BTB domain-containing protein 27) (Zinc finger protein 51),Proposed marker - comprehensive panel,Yes,B cell,B cell,B cell,1,No
Immune Cells,B cells,CD19,CD19,CD19,Yes,USE THIS GENE,,,,Yes,B cell,B cell,B cell,1,No
Immune Cells,B cells,CD22,CD22,CD22,Yes,USE THIS GENE,Available as CD22,B-cell receptor CD22 (B-lymphocyte cell adhesion molecule) (BL-CAM) (Sialic acid-binding Ig-like lectin 2) (Siglec-2) (T-cell surface antigen Leu-14) (CD antigen CD22),Proposed marker - comprehensive panel,Yes,B cell,B cell,B cell,1,No
Immune Cells,B cells,CD27,CD27,CD27,Yes,USE THIS GENE,Available as CD27,CD27 antigen (CD27L receptor) (T-cell activation antigen CD27) (T14) (Tumor necrosis factor receptor superfamily member 7) (CD antigen CD27),Proposed marker - comprehensive panel,Yes,B cell,B cell,B cell,1,No
Immune Cells,B cells,CD38,CD38,CD38,Yes,USE THIS GENE,Available as CD38,ADP-ribosyl cyclase/cyclic ADP-ribose hydrolase 1,Proposed marker - comprehensive panel,Yes,B cell,B cell,B cell,1,No
Immune Cells,B cells,CD40,CD40,CD40,Yes,USE THIS GENE,Available as CD40,Tumor necrosis factor receptor superfamily member 5 (B-cell surface antigen CD40) (Bp50) (CD40L receptor) (CDw40) (CD antigen CD40),Proposed marker - comprehensive panel,Yes,B cell,B cell,B cell,1,No
Immune Cells,B cells,CD79A,CD79A,CD79A,Yes,USE THIS GENE,,,,Yes,B cell,B cell,B cell,1,No
Immune Cells,B cells,CD79B,CD79B,CD79B,Yes,USE THIS GENE,,,,Yes,B cell,B cell,B cell,1,No
Immune Cells,B cells,CXCR5,CXCR5,CXCR5,Yes,USE THIS GENE,Available as CXCR5,C-X-C chemokine receptor type 5 (CXC-R5) (CXCR-5) (Burkitt lymphoma receptor 1) (Monocyte-derived receptor 15) (MDR-15) (CD antigen CD185),Proposed marker - comprehensive panel,Yes,B cell,B cell,B cell,1,No
Immune Cells,B cells,IGHE,IGHE,IGHE,Yes,USE THIS GENE,,,,Yes,B cell,B cell,B cell,1,No
Immune Cells,B cells,CD20,MS4A1,MS4A1,Yes,USE THIS GENE,Available as MS4A1,B-lymphocyte antigen CD20 (B-lymphocyte surface antigen B1) (Bp35) (Leukocyte surface antigen Leu-16) (Membrane-spanning 4-domains subfamily A member 1) (CD antigen CD20),20.1,,B cell,B cell,B cell,1,No
Immune Cells,B cells,PAX5,PAX5,PAX5,Yes,USE THIS GENE,Available as PAX5,Paired box protein Pax-5 (B-cell-specific transcription factor) (BSAP),Proposed marker - comprehensive panel,Yes,B cell,B cell,B cell,1,No
Immune Cells,B cells,PRDM1 (BLIMP1),PRDM1,PRDM1,Yes,USE THIS GENE,Available as PRDM1,PR domain zinc finger protein 1,Proposed marker - comprehensive panel,Yes,B cell,B cell,B cell,1,No
Immune Cells,B cells,CD138,SDC1,SDC1,No,SDC1 not available in panel,No direct alternative suggested,,20.1,,B cell,B cell,B cell,1,No
Immune Cells,B cells,XBP1,XBP1,XBP1,Yes,USE THIS GENE,Available as XBP1,X-box-binding protein 1 (XBP-1) (Tax-responsive element-binding protein 5) (TREB-5),Proposed marker - comprehensive panel,Yes,B cell,B cell,B cell,1,No
Immune Cells,Cytotoxic T cells,CD8A,CD8A,CD8A,Yes,USE THIS GENE,Available as CD8A,T-cell surface glycoprotein CD8 alpha chain (T-lymphocyte differentiation antigen T8/Leu-2) (CD antigen CD8a),11.1; 17.1,,T cell,T cell,T cell,1,No
Immune Cells,Cytotoxic T cells,CD8B,CD8B,CD8B,Yes,USE THIS GENE,Available as CD8B,T-cell surface glycoprotein CD8 beta chain (CD antigen CD8b),11.1; 17.1,,T cell,T cell,T cell,1,No
Immune Cells,Dendritic cells,CD13,ANPEP,ANPEP,Yes,USE THIS GENE,Available as ANPEP,Aminopeptidase N (AP-N) (hAPN),21.1; 20.1,,Myeloid cell,Dendritic cell,Dendritic cell,1,No
Immune Cells,Dendritic cells,CD123,IL3RA,IL3RA,Yes,USE THIS GENE,Available as IL3RA,Interleukin-3 receptor subunit alpha (IL-3 receptor subunit alpha) (IL-3R subunit alpha) (IL-3R-alpha) (IL-3RA) (CD antigen CD123),21.1; 20.1,,Myeloid cell,Dendritic cell,"Dendritic cell, Plasmacytoid dendritic cell",1,No
Immune Cells,Dendritic cells,CD11c,ITGAX,ITGAX,Yes,USE THIS GENE,Available as ITGAX,"Integrin alpha-X (CD11 antigen-like family member C) (Leu M5) (Leukocyte adhesion glycoprotein p150,95 alpha chain) (Leukocyte adhesion receptor p150,95) (CD antigen CD11c)",21.1; 20.1,,Myeloid cell,Dendritic cell,Dendritic cell,1,No
Immune Cells,Dendritic cells,CD45RA,PTPRC,PTPRC,No,CD45 (PTPRC) not available,Consider using other pan-leukocyte markers if available,,21.1; 20.1,,Myeloid cell,Dendritic cell,Dendritic cell,1,No
Immune Cells,Dendritic cells,CD33,SIGLEC3,SIGLEC3,No,SIGLEC3 not available in panel,No direct alternative suggested,,21.1; 20.1,,Myeloid cell,Dendritic cell,Dendritic cell,1,No
Immune Cells,Exhausted CD8+ T cells,C-Type Lectin Domain Family 2 Member D,CLEC2D,CLEC2D,No,CLEC2D not available in panel,No direct alternative suggested,,17.1; 18.1; 19.1,,T cell,T cell,T cell,1,No
Immune Cells,Exhausted CD8+ T cells,CRTAM,CRTAM,CRTAM,Yes,USE THIS GENE,Available as CRTAM,Cytotoxic and regulatory T-cell molecule (Class-I MHC-restricted T-cell-associated molecule) (CD antigen CD355),17.1; 18.1; 19.1,,T cell,T cell,T cell,1,No
Immune Cells,Exhausted CD8+ T cells,Killer Cell Lectin Like Receptor B1,KLRB1,KLRB1,Yes,USE THIS GENE,Available as KLRB1,Killer cell lectin-like receptor subfamily B member 1 (C-type lectin domain family 5 member B) (HNKR-P1a) (NKR-P1A) (Natural killer cell surface protein P1A) (CD antigen CD161),17.1; 18.1; 19.1,,T cell,T cell,T cell,1,No
Immune Cells,Helper T cells,CD4,CD4,CD4,Yes,USE THIS GENE,Available as CD4,T-cell surface glycoprotein CD4 (T-cell surface antigen T4/Leu-3) (CD antigen CD4),11.1; 17.1,,T cell,T cell,T cell,1,No
Immune Cells,M1 Macrophages,CD80,CD80,CD80,Yes,USE THIS GENE,Available as CD80,T-lymphocyte activation antigen CD80 (Activation B7-1 antigen) (BB1) (CTLA-4 counter-receptor B7.1) (B7) (CD antigen CD80),,,Myeloid cell,M1 Macrophage,M1 Macrophage,1,No
Immune Cells,M1 Macrophages,CD86,CD86,CD86,Yes,USE THIS GENE,Available as CD86,T-lymphocyte activation antigen CD86 (Activation B7-2 antigen) (B70) (BU63) (CTLA-4 counter-receptor B7.2) (FUN-1) (CD antigen CD86),,,Myeloid cell,M1 Macrophage,M1 Macrophage,1,No
Immune Cells,M1 Macrophages,CXCL10,CXCL10,CXCL10,Yes,USE THIS GENE,Available as CXCL10,C-X-C motif chemokine 10 (10 kDa interferon gamma-induced protein) (Gamma-IP10) (IP-10) (Small-inducible cytokine B10),,,Myeloid cell,M1 Macrophage,M1 Macrophage,1,No
Immune Cells,M1 Macrophages,CXCL9,CXCL9,CXCL9,Yes,USE THIS GENE,Available as CXCL9,C-X-C motif chemokine 9 (Gamma-interferon-induced monokine) (Monokine induced by interferon-gamma) (HuMIG) (MIG) (Small-inducible cytokine B9),,,Myeloid cell,M1 Macrophage,M1 Macrophage,1,No
Immune Cells,M1 Macrophages,IL12A,IL12A,IL12A,Yes,USE THIS GENE,Available as IL12A,Interleukin-12 subunit alpha (IL-12A) (Cytotoxic lymphocyte maturation factor 35 kDa subunit) (CLMF p35) (IL-12 subunit p35) (NK cell stimulatory factor chain 1) (NKSF1),,,Myeloid cell,M1 Macrophage,M1 Macrophage,1,No
Immune Cells,M1 Macrophages,IL12B,IL12B,IL12B,Yes,USE THIS GENE,Available as IL12B,Interleukin-12 subunit beta (IL-12B) (Cytotoxic lymphocyte maturation factor 40 kDa subunit) (CLMF p40) (IL-12 subunit p40) (NK cell stimulatory factor chain 2) (NKSF2),,,Myeloid cell,M1 Macrophage,M1 Macrophage,1,No
Immune Cells,M1 Macrophages,IL1B,IL1B,IL1B,Yes,USE THIS GENE,Available as IL1B,Interleukin-1 beta (IL-1 beta) (Catabolin),,,Myeloid cell,M1 Macrophage,M1 Macrophage,1,No
Immune Cells,M1 Macrophages,IRF5,IRF5,IRF5,Yes,USE THIS GENE,Available as IRF5,Interferon regulatory factor 5 (IRF-5),,,Myeloid cell,M1 Macrophage,M1 Macrophage,1,No
Immune Cells,M1 Macrophages,NOS2,NOS2,NOS2,Yes,USE THIS GENE,Available as NOS2,"Nitric oxide synthase, inducible",,,Myeloid cell,M1 Macrophage,M1 Macrophage,1,No
Immune Cells,M1 Macrophages,STAT1,STAT1,STAT1,Yes,USE THIS GENE,Available as STAT1,Signal transducer and activator of transcription 1-alpha/beta (Transcription factor ISGF-3 components p91/p84),,,Myeloid cell,M1 Macrophage,M1 Macrophage,1,No
Immune Cells,M1 Macrophages,TNF,TNF,TNF,Yes,USE THIS GENE,Available as TNF,Tumor necrosis factor (Cachectin) (TNF-alpha) (Tumor necrosis factor ligand superfamily member 2) (TNF-a),,,Myeloid cell,M1 Macrophage,M1 Macrophage,1,No
Immune Cells,M2 Macrophages,ARG1,ARG1,ARG1,Yes,USE THIS GENE,Available as ARG1,Arginase-1,,,Myeloid cell,M2 Macrophage,M2 Macrophage,1,No
Immune Cells,M2 Macrophages,CCL18,CCL18,CCL18,Yes,USE THIS GENE,Available as CCL18,C-C motif chemokine 18 (Alternative macrophage activation-associated CC chemokine 1) (AMAC-1) (CC chemokine PARC) (Dendritic cell chemokine 1) (DC-CK1) (Macrophage inflammatory protein 4) (MIP-4) (Pulmonary and activation-regulated chemokine) (Small-inducible cytokine A18),,,Myeloid cell,M2 Macrophage,M2 Macrophage,1,No
Immune Cells,M2 Macrophages,CCL22,CCL22,CCL22,Yes,USE THIS GENE,Available as CCL22,C-C motif chemokine 22 (CC chemokine STCP-1) (MDC(1-69)) (Macrophage-derived chemokine) (Small-inducible cytokine A22) (Stimulated T-cell chemotactic protein 1),,,Myeloid cell,M2 Macrophage,M2 Macrophage,1,No
Immune Cells,M2 Macrophages,CD163,CD163,CD163,Yes,USE THIS GENE,Available as CD163,Scavenger receptor cysteine-rich type 1 protein M130 (Hemoglobin scavenger receptor) (CD antigen CD163),,,Myeloid cell,M2 Macrophage,M2 Macrophage,1,No
Immune Cells,M2 Macrophages,IL10,IL10,IL10,Yes,USE THIS GENE,Available as IL10,Interleukin-10 (IL-10) (Cytokine synthesis inhibitory factor) (CSIF),,,Myeloid cell,M2 Macrophage,M2 Macrophage,1,No
Immune Cells,M2 Macrophages,IRF4,IRF4,IRF4,Yes,USE THIS GENE,Available as IRF4,Interferon regulatory factor 4 (IRF-4) (Lymphocyte-specific interferon regulatory factor) (LSIRF) (Multiple myeloma oncogene 1) (NF-EM5),,,Myeloid cell,M2 Macrophage,M2 Macrophage,1,No
Immune Cells,M2 Macrophages,MMP9,MMP9,MMP9,Yes,USE THIS GENE,Available as MMP9,Matrix metalloproteinase-9 (MMP-9),,,Myeloid cell,M2 Macrophage,M2 Macrophage,1,No
Immune Cells,M2 Macrophages,MRC1,MRC1,MRC1,Yes,USE THIS GENE,Available as MRC1,Macrophage mannose receptor 1 (MMR) (C-type lectin domain family 13 member D) (C-type lectin domain family 13 member D-like) (Human mannose receptor) (hMR) (Macrophage mannose receptor 1-like protein 1) (CD antigen CD206),,,Myeloid cell,M2 Macrophage,M2 Macrophage,1,No
Immune Cells,M2 Macrophages,MSR1,MSR1,MSR1,Yes,USE THIS GENE,Available as MSR1,Macrophage scavenger receptor types I and II (Macrophage acetylated LDL receptor I and II) (Scavenger receptor class A member 1) (CD antigen CD204),,,Myeloid cell,M2 Macrophage,M2 Macrophage,1,No
Immune Cells,M2 Macrophages,STAT6,STAT6,STAT6,Yes,USE THIS GENE,Available as STAT6,Signal transducer and activator of transcription 6 (IL-4 Stat),,,Myeloid cell,M2 Macrophage,M2 Macrophage,1,No
Immune Cells,M2 Macrophages,TGFB1,TGFB1,TGFB1,Yes,USE THIS GENE,Available as TGFB1,Transforming growth factor beta-1 proprotein,,,Myeloid cell,M2 Macrophage,M2 Macrophage,1,No
Immune Cells,M2 Macrophages,VEGFA,VEGFA,VEGFA,Yes,USE THIS GENE,Available as VEGFA,"Vascular endothelial growth factor A, long form (L-VEGF) (Vascular permeability factor) (VPF)",,,Myeloid cell,M2 Macrophage,M2 Macrophage,1,No
Immune Cells,Macrophages,CD14,CD14,CD14,Yes,USE THIS GENE,Available as CD14,Monocyte differentiation antigen CD14 (Myeloid cell-specific leucine-rich glycoprotein) (CD antigen CD14),11.1,,Myeloid cell,Pan-Myeloid,"Malignant cell, Pan-Myeloid",2,Yes
Immune Cells,Macrophages,CD68,CD68,CD68,Yes,USE THIS GENE,Available as CD68,Macrosialin (Gp110) (CD antigen CD68),11.1,,Myeloid cell,Pan-Myeloid,Pan-Myeloid,1,No
Immune Cells,Macrophages,CSF1R,CSF1R,CSF1R,Yes,USE THIS GENE,Available as CSF1R,Macrophage colony-stimulating factor 1 receptor (CSF-1 receptor) (CSF-1-R) (CSF-1R) (M-CSF-R),,,Myeloid cell,Pan-Myeloid,Pan-Myeloid,1,No
Immune Cells,Macrophages,ITGAM,ITGAM,ITGAM,Yes,USE THIS GENE,Available as ITGAM,Integrin alpha-M (CD11 antigen-like family member B) (CR-3 alpha chain) (Cell surface glycoprotein MAC-1 subunit alpha) (Leukocyte adhesion receptor MO1) (Neutrophil adherence receptor) (CD antigen CD11b),,,Myeloid cell,Pan-Myeloid,Pan-Myeloid,1,No
Immune Cells,Macrophages/Pan-leukocyte,CD45,PTPRC,PTPRC,No,PTPRC not available in panel,Not found in 10X gene list,,11.1,,Myeloid cell,Pan-Myeloid,Pan-Myeloid,1,No
Immune Cells,Mast cells,Chymase,CMA1,CMA1,Yes,USE THIS GENE,Available as CMA1,Chymase,Proposed marker - comprehensive panel,Yes,Mast cell,Mast cell,Mast cell,1,No
Immune Cells,Mast cells,CD203c,ENPP3,ENPP3,Yes,USE THIS GENE,Available as ENPP3,Ectonucleotide pyrophosphatase/phosphodiesterase family member 3 (E-NPP 3) (NPP3) (Phosphodiesterase I beta) (PD-Ibeta) (Phosphodiesterase I/nucleotide pyrophosphatase 3) (CD antigen CD203c),Proposed marker - comprehensive panel,Yes,Mast cell,Mast cell,Mast cell,1,No
Immune Cells,Mast cells,Fc_RI alpha,FCER1A,FCER1A,Yes,USE THIS GENE,Available as FCER1A,High affinity immunoglobulin epsilon receptor subunit alpha (Fc-epsilon RI-alpha) (FcERI) (IgE Fc receptor subunit alpha),Proposed marker - comprehensive panel,Yes,Mast cell,Mast cell,Mast cell,1,No
Immune Cells,Mast cells,GATA2,GATA2,GATA2,Yes,USE THIS GENE,Available as GATA2,Endothelial transcription factor GATA-2 (GATA-binding protein 2),Proposed marker - comprehensive panel,Yes,Mast cell,Mast cell,Mast cell,1,No
Immune Cells,Mast cells,HDC,HDC,HDC,Yes,USE THIS GENE,Available as HDC,Histidine decarboxylase (HDC),Proposed marker - comprehensive panel,Yes,Mast cell,Mast cell,Mast cell,1,No
Immune Cells,Mast cells,c-Kit (CD117),KIT,KIT,Yes,USE THIS GENE,Available as KIT,Mast/stem cell growth factor receptor Kit (SCFR),Proposed marker - comprehensive panel,Yes,Mast cell,Mast cell,Mast cell,1,No
Immune Cells,Mast cells,MRGPRX2,MRGPRX2,MRGPRX2,Yes,USE THIS GENE,Available as MRGPRX2,Mas-related G-protein coupled receptor member X2,Proposed marker - comprehensive panel,Yes,Mast cell,Mast cell,Mast cell,1,No
Immune Cells,Natural Killer cells,CD57,B3GAT1,B3GAT1,Yes,USE THIS GENE,Available as B3GAT1,Galactosylgalactosylxylosylprotein 3-beta-glucuronosyltransferase 1,Proposed marker,Yes,NK cell,NK cell,NK cell,1,No
Immune Cells,Natural Killer cells,CD96,CD96,CD96,Yes,USE THIS GENE,Available as CD96,T-cell surface protein tactile (Cell surface antigen CD96) (T cell-activated increased late expression protein) (CD antigen CD96),Proposed marker,Yes,NK cell,NK cell,NK cell,1,No
Immune Cells,Natural Killer cells,EOMES,EOMES,EOMES,Yes,USE THIS GENE,Available as EOMES,Eomesodermin homolog (T-box brain protein 2) (T-brain-2) (TBR-2),Proposed marker,Yes,NK cell,NK cell,NK cell,1,No
Immune Cells,Natural Killer cells,CD16,FCGR3A,FCGR3A,Yes,USE THIS GENE,Available as FCGR3A,Low affinity immunoglobulin gamma Fc region receptor III-A (IgG Fc receptor III-A) (CD16-II) (CD16a antigen) (Fc-gamma RIII-alpha) (Fc-gamma RIII) (Fc-gamma RIIIa) (FcRIII) (FcRIIIa) (FcgammaRIIIA) (FcR-10) (IgG Fc receptor III-2) (CD antigen CD16a),Proposed marker,Yes,NK cell,NK cell,NK cell,1,No
Immune Cells,Natural Killer cells,Granzyme A,GZMA,GZMA,Yes,USE THIS GENE,Available as GZMA,Granzyme A,Proposed marker,Yes,NK cell,NK cell,NK cell,1,No
Immune Cells,Natural Killer cells,Granzyme B,GZMB,GZMB,Yes,USE THIS GENE,Available as GZMB,Granzyme B,Proposed marker,Yes,NK cell,NK cell,NK cell,1,No
Immune Cells,Natural Killer cells,IFN-gamma,IFNG,IFNG,Yes,USE THIS GENE,Available as IFNG,Interferon gamma (IFN-gamma) (Immune interferon),Proposed marker,Yes,NK cell,NK cell,NK cell,1,No
Immune Cells,Natural Killer cells,KIR2DL1,KIR2DL1,KIR2DL1,Yes,USE THIS GENE,Available as KIR2DL1,Killer cell immunoglobulin-like receptor 2DL1 (CD158 antigen-like family member A) (Natural killer-associated transcript 1) (NKAT-1) (p58 natural killer cell receptor clones CL-42/47.11) (p58 NK receptor CL-42/47.11) (p58.1 MHC class-I-specific NK receptor) (CD antigen CD158a),Proposed marker,Yes,NK cell,NK cell,NK cell,1,No
Immune Cells,Natural Killer cells,KIR3DL1,KIR3DL1,KIR3DL1,Yes,USE THIS GENE,Available as KIR3DL1,Killer cell immunoglobulin-like receptor 3DL1 (CD158 antigen-like family member E) (HLA-BW4-specific inhibitory NK cell receptor) (Natural killer-associated transcript 3) (NKAT-3) (p70 natural killer cell receptor clones CL-2/CL-11) (p70 NK receptor CL-2/CL-11) (CD antigen CD158e),Proposed marker,Yes,NK cell,NK cell,NK cell,1,No
Immune Cells,Natural Killer cells,NKG2A,KLRC1,KLRC1,Yes,USE THIS GENE,Available as KLRC1,NKG2-A/NKG2-B type II integral membrane protein (CD159 antigen-like family member A) (NK cell receptor A) (NKG2-A/B-activating NK receptor) (CD antigen CD159a),Proposed marker,Yes,NK cell,NK cell,NK cell,1,No
Immune Cells,Natural Killer cells,NKG2C,KLRC2,KLRC2,Yes,USE THIS GENE,Available as KLRC2,NKG2-C type II integral membrane protein (CD159 antigen-like family member C) (NK cell receptor C) (NKG2-C-activating NK receptor) (CD antigen CD159c),Proposed marker,Yes,NK cell,NK cell,NK cell,1,No
Immune Cells,Natural Killer cells,CD94,KLRD1,KLRD1,Yes,USE THIS GENE,Available as KLRD1,Natural killer cells antigen CD94 (KP43) (Killer cell lectin-like receptor subfamily D member 1) (NK cell receptor) (CD antigen CD94),Proposed marker,Yes,NK cell,NK cell,NK cell,1,No
Immune Cells,Natural Killer cells,NKG2D,KLRK1,KLRK1,Yes,USE THIS GENE,Available as KLRK1,NKG2-D type II integral membrane protein (Killer cell lectin-like receptor subfamily K member 1) (NK cell receptor D) (NKG2-D-activating NK receptor) (CD antigen CD314),Proposed marker,Yes,NK cell,NK cell,NK cell,1,No
Immune Cells,Natural Killer cells,LAG3,LAG3,LAG3,Yes,USE THIS GENE,Available as LAG3,Lymphocyte activation gene 3 protein (LAG-3) (CD antigen CD223),Proposed marker,Yes,NK cell,NK cell,NK cell,1,No
Immune Cells,Natural Killer cells,CD56,NCAM1,NCAM1,Yes,USE THIS GENE,Available as NCAM1,Neural cell adhesion molecule 1 (N-CAM-1) (NCAM-1) (CD antigen CD56),20.1,,NK cell,NK cell,NK cell,1,No
Immune Cells,Natural Killer cells,NKp46,NCR1,NCR1,Yes,USE THIS GENE,Available as NCR1,Natural cytotoxicity triggering receptor 1 (Lymphocyte antigen 94 homolog) (NK cell-activating receptor) (Natural killer cell p46-related protein) (NK-p46) (NKp46) (hNKp46) (CD antigen CD335),Proposed marker,Yes,NK cell,NK cell,NK cell,1,No
Immune Cells,Natural Killer cells,NKp44,NCR2,NCR2,Yes,USE THIS GENE,Available as NCR2,Natural cytotoxicity triggering receptor 2 (Lymphocyte antigen 95 homolog) (NK cell-activating receptor) (Natural killer cell p44-related protein) (NK-p44) (NKp44) (CD antigen CD336),Proposed marker,Yes,NK cell,NK cell,NK cell,1,No
Immune Cells,Natural Killer cells,NKp30,NCR3,NCR3,Yes,USE THIS GENE,Available as NCR3,Natural cytotoxicity triggering receptor 3 (Activating natural killer receptor p30) (Natural killer cell p30-related protein) (NK-p30) (NKp30) (CD antigen CD337),Proposed marker,Yes,NK cell,NK cell,NK cell,1,No
Immune Cells,Natural Killer cells,Perforin,PRF1,PRF1,Yes,USE THIS GENE,Available as PRF1,Perforin-1 (P1) (Cytolysin) (Lymphocyte pore-forming protein) (PFP),Proposed marker,Yes,NK cell,NK cell,NK cell,1,No
Immune Cells,Natural Killer cells,T-bet,TBX21,TBX21,Yes,USE THIS GENE,Available as TBX21,T-box transcription factor TBX21 (T-box protein 21) (T-cell-specific T-box transcription factor T-bet) (Transcription factor TBLYM),Proposed marker,Yes,NK cell,NK cell,NK cell,1,No
Immune Cells,Natural Killer cells,TIGIT,TIGIT,TIGIT,Yes,USE THIS GENE,Available as TIGIT,T-cell immunoreceptor with Ig and ITIM domains (V-set and immunoglobulin domain-containing protein 9) (V-set and transmembrane domain-containing protein 3),Proposed marker,Yes,NK cell,NK cell,NK cell,1,No
Immune Cells,Plasma cells,MZB1,MZB1,MZB1,Yes,USE THIS GENE,,,,Yes,B cell,B cell,B cell,1,No
Immune Cells,Plasmablasts,Joining Chain of Multimeric IgA and IgM,JCHAIN,JCHAIN,No,JCHAIN not available,Use CD138 alternative markers for plasma cells (also not available),,,,B cell,B cell,B cell,1,No
Immune Cells,Plasmacytoid dendritic cells,"CLEC4C (BDCA-2, CD303)",CLEC4C,CLEC4C,Yes,USE THIS GENE,Available as CLEC4C,C-type lectin domain family 4 member C (Blood dendritic cell antigen 2) (BDCA-2) (C-type lectin superfamily member 7) (Dendritic lectin) (CD antigen CD303),Proposed marker - comprehensive panel,Yes,Plasmacytoid dendritic cell,Plasmacytoid dendritic cell,Plasmacytoid dendritic cell,1,No
Immune Cells,Plasmacytoid dendritic cells,IFNA,IFNA1,IFNA1,Yes,USE THIS GENE,Available as IFNA1,Interferon-alpha1,Proposed marker - comprehensive panel,Yes,Plasmacytoid dendritic cell,Plasmacytoid dendritic cell,Plasmacytoid dendritic cell,1,No
Immune Cells,Plasmacytoid dendritic cells,IFNB,IFNB1,IFNB1,Yes,USE THIS GENE,Available as IFNB1,Interferon beta (IFN-beta) (Fibroblast interferon),Proposed marker - comprehensive panel,Yes,Plasmacytoid dendritic cell,Plasmacytoid dendritic cell,Plasmacytoid dendritic cell,1,No
Immune Cells,Plasmacytoid dendritic cells,IRF7,IRF7,IRF7,Yes,USE THIS GENE,Available as IRF7,Interferon regulatory factor 7 (IRF-7),Proposed marker - comprehensive panel,Yes,Plasmacytoid dendritic cell,Plasmacytoid dendritic cell,Plasmacytoid dendritic cell,1,No
Immune Cells,Plasmacytoid dendritic cells,IRF8,IRF8,IRF8,Yes,USE THIS GENE,Available as IRF8,Interferon regulatory factor 8 (IRF-8) (Interferon consensus sequence-binding protein) (H-ICSBP) (ICSBP),Proposed marker - comprehensive panel,Yes,Plasmacytoid dendritic cell,Plasmacytoid dendritic cell,Plasmacytoid dendritic cell,1,No
Immune Cells,Plasmacytoid dendritic cells,"LILRA4 (ILT7, CD85g)",LILRA4,LILRA4,Yes,USE THIS GENE,Available as LILRA4,Leukocyte immunoglobulin-like receptor subfamily A member 4 (CD85 antigen-like family member G) (Immunoglobulin-like transcript 7) (ILT-7) (CD antigen CD85g),Proposed marker - comprehensive panel,Yes,Plasmacytoid dendritic cell,Plasmacytoid dendritic cell,Plasmacytoid dendritic cell,1,No
Immune Cells,Plasmacytoid dendritic cells,MX1,MX1,MX1,Yes,USE THIS GENE,Available as MX1,Interferon-induced GTP-binding protein Mx1 (Interferon-induced protein p78) (IFI-78K) (Interferon-regulated resistance GTP-binding protein MxA) (Myxoma resistance protein 1) (Myxovirus resistance protein 1),Proposed marker - comprehensive panel,Yes,Plasmacytoid dendritic cell,Plasmacytoid dendritic cell,Plasmacytoid dendritic cell,1,No
Immune Cells,Plasmacytoid dendritic cells,NRP1 (CD304),NRP1,NRP1,Yes,USE THIS GENE,Available as NRP1,Neuropilin-1 (Vascular endothelial cell growth factor 165 receptor) (CD antigen CD304),Proposed marker - comprehensive panel,Yes,Plasmacytoid dendritic cell,Plasmacytoid dendritic cell,Plasmacytoid dendritic cell,1,No
Immune Cells,Plasmacytoid dendritic cells,TCF4 (E2-2),TCF4,TCF4,Yes,USE THIS GENE,Available as TCF4,Transcription factor 4 (TCF-4) (Class B basic helix-loop-helix protein 19) (bHLHb19) (Immunoglobulin transcription factor 2) (ITF-2) (SL3-3 enhancer factor 2) (SEF-2),Proposed marker - comprehensive panel,Yes,Plasmacytoid dendritic cell,Plasmacytoid dendritic cell,Plasmacytoid dendritic cell,1,No
Immune Cells,Regulatory T cells,Forkhead Box P3,FOXP3,FOXP3,Yes,USE THIS GENE,Available as FOXP3,Forkhead box protein P3 (Scurfin),20.1,,T cell,T cell,T cell,1,No
Immune Cells,Regulatory T cells,CD25,IL2RA,IL2RA,Yes,USE THIS GENE,Available as IL2RA,Interleukin-2 receptor subunit alpha (IL-2 receptor subunit alpha) (IL-2-RA) (IL-2R subunit alpha) (IL2-RA) (TAC antigen) (p55) (CD antigen CD25),20.1,,T cell,T cell,T cell,1,No
Immune Cells,T cells,BCL2,BCL2,BCL2,Yes,USE THIS GENE,Available as BCL2,Apoptosis regulator Bcl-2,Proposed marker - comprehensive panel,Yes,T cell,T cell,T cell,1,No
Immune Cells,T cells,CCR4,CCR4,CCR4,Yes,USE THIS GENE,Available as CCR4,C-C chemokine receptor type 4 (C-C CKR-4) (CC-CKR-4) (CCR-4) (CCR4) (K5-5) (CD antigen CD194),Proposed marker - comprehensive panel,Yes,T cell,T cell,T cell,1,No
Immune Cells,T cells,CCR6,CCR6,CCR6,Yes,USE THIS GENE,Available as CCR6,C-C chemokine receptor type 6 (C-C CKR-6) (CC-CKR-6) (CCR-6) (Chemokine receptor-like 3) (CKR-L3) (DRY6) (G-protein coupled receptor 29) (GPR-CY4) (GPRCY4) (LARC receptor) (CD antigen CD196),Proposed marker - comprehensive panel,Yes,T cell,T cell,T cell,1,No
Immune Cells,T cells,CCR7,CCR7,CCR7,Yes,USE THIS GENE,Available as CCR7,C-C chemokine receptor type 7 (C-C CKR-7) (CC-CKR-7) (CCR-7) (BLR2) (CDw197) (Epstein-Barr virus-induced G-protein coupled receptor 1) (EBI1) (EBV-induced G-protein coupled receptor 1) (MIP-3 beta receptor) (CD antigen CD197),Proposed marker - comprehensive panel,Yes,T cell,T cell,T cell,1,No
Immune Cells,T cells,CD2,CD2,CD2,Yes,USE THIS GENE,Available as CD2,T-cell surface antigen CD2 (Erythrocyte receptor) (LFA-2) (LFA-3 receptor) (Rosette receptor) (T-cell surface antigen T11/Leu-5) (CD antigen CD2),Proposed marker - comprehensive panel,Yes,T cell,T cell,T cell,1,No
Immune Cells,T cells,CD28,CD28,CD28,Yes,USE THIS GENE,Available as CD28,T-cell-specific surface glycoprotein CD28 (TP44) (CD antigen CD28),Proposed marker - comprehensive panel,Yes,T cell,T cell,T cell,1,No
Immune Cells,T cells,CD3,CD3D,CD3D,No,CD3D not available,CD3E IS AVAILABLE - use as T cell marker,,11.1; 17.1,,T cell,T cell,T cell,1,No
Immune Cells,T cells,CD3,CD3E,CD3E,Yes,USE THIS GENE,Available as CD3E,T-cell surface glycoprotein CD3 epsilon chain (T-cell surface antigen T3/Leu-4 epsilon chain) (CD antigen CD3e),11.1; 17.1,,T cell,T cell,T cell,1,No
Immune Cells,T cells,CD3,CD3G,CD3G,Yes,USE THIS GENE,Available as CD3G,T-cell surface glycoprotein CD3 gamma chain (T-cell receptor T3 gamma chain) (CD antigen CD3g),11.1; 17.1,,T cell,T cell,T cell,1,No
Immune Cells,T cells,CD5,CD5,CD5,Yes,USE THIS GENE,Available as CD5,T-cell surface glycoprotein CD5 (Lymphocyte antigen T1/Leu-1) (CD antigen CD5),Proposed marker - comprehensive panel,Yes,T cell,T cell,T cell,1,No
Immune Cells,T cells,CD7,CD7,CD7,Yes,USE THIS GENE,Available as CD7,T-cell antigen CD7 (GP40) (T-cell leukemia antigen) (T-cell surface antigen Leu-9) (TP41) (CD antigen CD7),Proposed marker - comprehensive panel,Yes,T cell,T cell,T cell,1,No
Immune Cells,T cells,CTLA4,CTLA4,CTLA4,Yes,USE THIS GENE,Available as CTLA4,Cytotoxic T-lymphocyte protein 4 (Cytotoxic T-lymphocyte-associated antigen 4) (CTLA-4) (CD antigen CD152),Proposed marker - comprehensive panel,Yes,T cell,T cell,T cell,1,No
Immune Cells,T cells,CX3CR1,CX3CR1,CX3CR1,Yes,USE THIS GENE,Available as CX3CR1,CX3C chemokine receptor 1 (C-X3-C CKR-1) (CX3CR1) (Beta chemokine receptor-like 1) (CMK-BRL-1) (CMK-BRL1) (Fractalkine receptor) (G-protein coupled receptor 13) (V28),Proposed marker - comprehensive panel,Yes,T cell,T cell,T cell,1,No
Immune Cells,T cells,CXCR3,CXCR3,CXCR3,Yes,USE THIS GENE,Available as CXCR3,C-X-C chemokine receptor type 3 (CXC-R3) (CXCR-3) (CKR-L2) (G protein-coupled receptor 9) (Interferon-inducible protein 10 receptor) (IP-10 receptor) (CD antigen CD183),Proposed marker - comprehensive panel,Yes,T cell,T cell,T cell,1,No
Immune Cells,T cells,HAVCR2 (TIM-3),HAVCR2,HAVCR2,Yes,USE THIS GENE,Available as HAVCR2,Hepatitis A virus cellular receptor 2 (HAVcr-2) (T-cell immunoglobulin and mucin domain-containing protein 3) (TIMD-3) (T-cell immunoglobulin mucin receptor 3) (TIM-3) (T-cell membrane protein 3) (CD antigen CD366),Proposed marker - comprehensive panel,Yes,T cell,T cell,T cell,1,No
Immune Cells,T cells,IL17A,IL17A,IL17A,Yes,USE THIS GENE,Available as IL17A,Interleukin-17A (IL-17) (IL-17A) (Cytotoxic T-lymphocyte-associated antigen 8) (CTLA-8),Proposed marker - comprehensive panel,Yes,T cell,T cell,T cell,1,No
Immune Cells,T cells,IL2,IL2,IL2,Yes,USE THIS GENE,Available as IL2,Interleukin-2 (IL-2) (T-cell growth factor) (TCGF) (Aldesleukin),Proposed marker - comprehensive panel,Yes,T cell,T cell,T cell,1,No
Immune Cells,T cells,KLRG1,KLRG1,KLRG1,Yes,USE THIS GENE,Available as KLRG1,Killer cell lectin-like receptor subfamily G member 1 (C-type lectin domain family 15 member A) (ITIM-containing receptor MAFA-L) (MAFA-like receptor) (Mast cell function-associated antigen),Proposed marker - comprehensive panel,Yes,T cell,T cell,T cell,1,No
Immune Cells,T cells,LEF1,LEF1,LEF1,Yes,USE THIS GENE,Available as LEF1,Lymphoid enhancer-binding factor 1 (LEF-1) (T cell-specific transcription factor 1-alpha) (TCF1-alpha),Proposed marker - comprehensive panel,Yes,T cell,T cell,T cell,1,No
Immune Cells,T cells,PDCD1 (PD-1),PDCD1,PDCD1,Yes,USE THIS GENE,Available as PDCD1,Programmed cell death protein 1 (Protein PD-1) (hPD-1) (CD antigen CD279),Proposed marker - comprehensive panel,Yes,T cell,T cell,T cell,1,No
Immune Cells,T cells,RORC (ROR_t),RORC,RORC,Yes,USE THIS GENE,Available as RORC,Nuclear receptor ROR-gamma (Nuclear receptor RZR-gamma) (Nuclear receptor subfamily 1 group F member 3) (RAR-related orphan receptor C) (Retinoid-related orphan receptor-gamma),Proposed marker - comprehensive panel,Yes,T cell,T cell,T cell,1,No
Immune Cells,T cells,SELL (CD62L),SELL,SELL,Yes,USE THIS GENE,Available as SELL,L-selectin (CD62 antigen-like family member L) (Leukocyte adhesion molecule 1) (LAM-1) (Leukocyte surface antigen Leu-8) (Leukocyte-endothelial cell adhesion molecule 1) (LECAM1) (Lymph node homing receptor) (TQ1) (gp90-MEL) (CD antigen CD62L),Proposed marker - comprehensive panel,Yes,T cell,T cell,T cell,1,No
Immune Cells,T cells,TCF7,TCF7,TCF7,Yes,USE THIS GENE,Available as TCF7,Transcription factor 7 (TCF-7) (T-cell-specific transcription factor 1) (T-cell factor 1) (TCF-1),Proposed marker - comprehensive panel,Yes,T cell,T cell,T cell,1,No
Malignant Cells,Malignant tumor cells,Cytokeratins,KRT,KRT,No,KRT not available in panel,No direct alternative suggested,,26.1; 27.1,,Malignant cell,Malignant cell,Malignant cell,1,No
Malignant Cells,Malignant tumor cells,Ki-67,MKI67,MKI67,Yes,USE THIS GENE,Available as MKI67,Proliferation marker protein Ki-67 (Antigen identified by monoclonal antibody Ki-67) (Antigen KI-67) (Antigen Ki67),26.1; 27.1,,Malignant cell,Malignant cell,Malignant cell,1,No
Malignant Cells,Malignant tumor cells,Tumor Protein P53,TP53,TP53,Yes,USE THIS GENE,Available as TP53,Cellular tumor antigen p53 (Antigen NY-CO-13) (Phosphoprotein p53) (Tumor suppressor p53),26.1; 27.1,,Malignant cell,Malignant cell,Malignant cell,1,No
Stromal Cells,Adipocytes,Alcohol Dehydrogenase 1B,ADH1B,ADH1B,No,ADH1B not available,Adipocyte identification will be limited,,24.1,,Adipocyte,Adipocyte,Adipocyte,1,No
Stromal Cells,Adipocytes,Adiponectin,ADIPOQ,ADIPOQ,Yes,USE THIS GENE,Available as ADIPOQ,"Adiponectin (30 kDa adipocyte complement-related protein) (Adipocyte complement-related 30 kDa protein) (ACRP30) (Adipocyte, C1q and collagen domain-containing protein) (Adipose most abundant gene transcript 1 protein) (apM-1) (Gelatin-binding protein)",24.1,,Adipocyte,Adipocyte,Adipocyte,1,No
Stromal Cells,Adipocytes,CD36 Molecule,CD36,CD36,Yes,USE THIS GENE,Available as CD36,Platelet glycoprotein 4 (Fatty acid translocase) (FAT) (Glycoprotein IIIb) (GPIIIB) (Leukocyte differentiation antigen CD36) (PAS IV) (PAS-4) (Platelet collagen receptor) (Platelet glycoprotein IV) (GPIV) (Thrombospondin receptor) (CD antigen CD36),24.1,,Adipocyte,Adipocyte,Adipocyte,1,No
Stromal Cells,Adipocytes,Fatty Acid Binding Protein 4,FABP4,FABP4,No,FABP4 not available,Adipocyte identification will be limited,,24.1,,Adipocyte,Adipocyte,Adipocyte,1,No
Stromal Cells,Adipocytes,Leptin,LEP,LEP,Yes,USE THIS GENE,Available as LEP,Leptin (Obese protein) (Obesity factor),24.1,,Adipocyte,Adipocyte,Adipocyte,1,No
Stromal Cells,Adipocytes,Lipoprotein Lipase,LPL,LPL,Yes,USE THIS GENE,Available as LPL,Lipoprotein lipase (LPL),24.1,,Adipocyte,Adipocyte,Adipocyte,1,No
Stromal Cells,Adipocytes,Perilipin 1,PLIN1,PLIN1,Yes,USE THIS GENE,Available as PLIN1,Perilipin-1 (Lipid droplet-associated protein),24.1,,Adipocyte,Adipocyte,Adipocyte,1,No
Stromal Cells,Adipocytes,Perilipin 4,PLIN4,PLIN4,Yes,USE THIS GENE,Available as PLIN4,Perilipin-4 (Adipocyte protein S3-12),24.1,,Adipocyte,Adipocyte,Adipocyte,1,No
Stromal Cells,Cancer-associated fibroblasts,Fibroblast Activation Protein,FAP,FAP,Yes,USE THIS GENE,Available as FAP,Prolyl endopeptidase FAP,,,Fibroblast,Fibroblast,Fibroblast,1,No
Stromal Cells,Cancer-associated fibroblasts,Nuclear Receptor Subfamily 2 Group F Member 1,NR2F1,NR2F1,No,NR2F1 not available in panel,No direct alternative suggested,,15.1; 23.1; 16.1,,Fibroblast,Fibroblast,Fibroblast,1,No
Stromal Cells,Endothelial cells,Angiopoietin-2,ANGPT2,ANGPT2,Yes,USE THIS GENE,Available as ANGPT2,Angiopoietin-2 (ANG-2),Proposed marker,Yes,Endothelial cell,Endothelial cell,Endothelial cell,1,No
Stromal Cells,Endothelial cells,CD34,CD34,CD34,Yes,USE THIS GENE,Available as CD34,Hematopoietic progenitor cell antigen CD34 (CD antigen CD34),Proposed marker,Yes,Endothelial cell,Endothelial cell,Endothelial cell,1,No
Stromal Cells,Endothelial cells,VE-Cadherin,CDH5,CDH5,Yes,USE THIS GENE,Available as CDH5,Cadherin-5 (7B4 antigen) (Vascular endothelial cadherin) (VE-cadherin) (CD antigen CD144),Proposed marker,Yes,Endothelial cell,Endothelial cell,Endothelial cell,1,No
Stromal Cells,Endothelial cells,Claudin-5,CLDN5,CLDN5,Yes,USE THIS GENE,Available as CLDN5,Claudin-5 (Transmembrane protein deleted in VCFS) (TMDVCF),Proposed marker,Yes,Endothelial cell,Endothelial cell,Endothelial cell,1,No
Stromal Cells,Endothelial cells,DLL4,DLL4,DLL4,Yes,USE THIS GENE,Available as DLL4,Delta-like protein 4 (Drosophila Delta homolog 4) (Delta4),Proposed marker,Yes,Endothelial cell,Endothelial cell,Endothelial cell,1,No
Stromal Cells,Endothelial cells,Endoglin (CD105),ENG,ENG,Yes,USE THIS GENE,Available as ENG,Endoglin (CD antigen CD105),Proposed marker,Yes,Endothelial cell,Endothelial cell,Endothelial cell,1,No
Stromal Cells,Endothelial cells,ERG,ERG,ERG,Yes,USE THIS GENE,Available as ERG,Transcriptional regulator ERG (Transforming protein ERG),Proposed marker,Yes,Endothelial cell,Endothelial cell,Endothelial cell,1,No
Stromal Cells,Endothelial cells,FLI1,FLI1,FLI1,Yes,USE THIS GENE,Available as FLI1,Friend leukemia integration 1 transcription factor (Proto-oncogene Fli-1) (Transcription factor ERGB),Proposed marker,Yes,Endothelial cell,Endothelial cell,Endothelial cell,1,No
Stromal Cells,Endothelial cells,ICAM1,ICAM1,ICAM1,Yes,USE THIS GENE,Available as ICAM1,Intercellular adhesion molecule 1 (ICAM-1) (Major group rhinovirus receptor) (CD antigen CD54),Proposed marker,Yes,Endothelial cell,Endothelial cell,Endothelial cell,1,No
Stromal Cells,Endothelial cells,VEGFR2 (KDR),KDR,KDR,Yes,USE THIS GENE,Available as KDR,Vascular endothelial growth factor receptor 2 (VEGFR-2),Proposed marker,Yes,Endothelial cell,Endothelial cell,Endothelial cell,1,No
Stromal Cells,Endothelial cells,eNOS,NOS3,NOS3,Yes,USE THIS GENE,Available as NOS3,Nitric oxide synthase 3,Proposed marker,Yes,Endothelial cell,Endothelial cell,Endothelial cell,1,No
Stromal Cells,Endothelial cells,NOTCH1,NOTCH1,NOTCH1,Yes,USE THIS GENE,Available as NOTCH1,Neurogenic locus notch homolog protein 1 (Notch 1) (hN1) (Translocation-associated notch protein TAN-1),Proposed marker,Yes,Endothelial cell,Endothelial cell,Endothelial cell,1,No
Stromal Cells,Endothelial cells,Podoplanin,PDPN,PDPN,Yes,USE THIS GENE,Available as PDPN,Podoplanin (Aggrus) (Glycoprotein 36) (Gp36) (PA2.26 antigen) (T1-alpha) (T1A),20.1; 24.1,,Endothelial cell,Endothelial cell,Endothelial cell,1,No
Stromal Cells,Endothelial cells,CD31,PECAM1,PECAM1,Yes,USE THIS GENE,Available as PECAM1,Platelet endothelial cell adhesion molecule (PECAM-1) (EndoCAM) (GPIIA') (PECA1) (CD antigen CD31),20.1; 24.1,,Endothelial cell,Endothelial cell,Endothelial cell,1,No
Stromal Cells,Endothelial cells,PLVAP,PLVAP,PLVAP,Yes,USE THIS GENE,Available as PLVAP,Plasmalemma vesicle-associated protein (Fenestrated endothelial-linked structure protein) (Plasmalemma vesicle protein 1) (PV-1),Proposed marker,Yes,Endothelial cell,Endothelial cell,Endothelial cell,1,No
Stromal Cells,Endothelial cells,Tie2 (TEK),TEK,TEK,Yes,USE THIS GENE,Available as TEK,Angiopoietin-1 receptor,Proposed marker,Yes,Endothelial cell,Endothelial cell,Endothelial cell,1,No
Stromal Cells,Endothelial cells,VCAM1,VCAM1,VCAM1,Yes,USE THIS GENE,Available as VCAM1,Vascular cell adhesion protein 1 (V-CAM 1) (VCAM-1) (INCAM-100) (CD antigen CD106),Proposed marker,Yes,Endothelial cell,Endothelial cell,Endothelial cell,1,No
Stromal Cells,Endothelial cells,Von Willebrand Factor,VWF,VWF,No,VWF not available in panel,No direct alternative suggested,,20.1; 24.1,,Endothelial cell,Endothelial cell,Endothelial cell,1,No
Stromal Cells,Fibroblasts,Alpha Smooth Muscle Actin,ACTA2,ACTA2,No,ACTA2 not available,Consider TAGLN or MYH11 (also not available) - myoepithelial detection limited,,11.1; 22.1,,Fibroblast,Fibroblast,"Epithelial cell, Fibroblast",2,Yes
Stromal Cells,Fibroblasts,CXCL12,CXCL12,CXCL12,Yes,USE THIS GENE,Available as CXCL12,Stromal cell-derived factor 1 (SDF-1) (hSDF-1) (C-X-C motif chemokine 12) (Intercrine reduced in hepatomas) (IRH) (hIRH) (Pre-B cell growth-stimulating factor) (PBSF),Proposed marker - comprehensive panel,Yes,Fibroblast,Fibroblast,Fibroblast,1,No
Stromal Cells,Fibroblasts,Fibulin 1,FBLN1,FBLN1,No,FBLN1 not available,Fibroblast identification will be limited,,11.1; 22.1,,Fibroblast,Fibroblast,Fibroblast,1,No
Stromal Cells,Fibroblasts,IL6,IL6,IL6,Yes,USE THIS GENE,Available as IL6,Interleukin-6 (IL-6) (B-cell stimulatory factor 2) (BSF-2) (CTL differentiation factor) (CDF) (Hybridoma growth factor) (Interferon beta-2) (IFN-beta-2),Proposed marker - comprehensive panel,Yes,Fibroblast,Fibroblast,Fibroblast,1,No
Stromal Cells,Fibroblasts,MMP11,MMP11,MMP11,Yes,USE THIS GENE,Available as MMP11,Stromelysin-3 (SL-3) (ST3),Proposed marker - comprehensive panel,Yes,Fibroblast,Fibroblast,Fibroblast,1,No
Stromal Cells,Fibroblasts,PDGFRA,PDGFRA,PDGFRA,Yes,USE THIS GENE,Available as PDGFRA,Platelet-derived growth factor receptor alpha (PDGF-R-alpha) (PDGFR-alpha),Proposed marker - comprehensive panel,Yes,Fibroblast,Fibroblast,Fibroblast,1,No
Stromal Cells,Fibroblasts,POSTN,POSTN,POSTN,Yes,USE THIS GENE,Available as POSTN,Periostin (PN) (Osteoblast-specific factor 2) (OSF-2),Proposed marker - comprehensive panel,Yes,Fibroblast,Fibroblast,Fibroblast,1,No
Stromal Cells,Fibroblasts,THY1 (CD90),THY1,THY1,Yes,USE THIS GENE,Available as THY1,Thy-1 membrane glycoprotein (CDw90) (Thy-1 antigen) (CD antigen CD90),Proposed marker - comprehensive panel,Yes,Fibroblast,Fibroblast,Fibroblast,1,No
Stromal Cells,Fibroblasts,TWIST1,TWIST1,TWIST1,Yes,USE THIS GENE,Available as TWIST1,Twist-related protein 1 (Class A basic helix-loop-helix protein 38) (bHLHa38) (H-twist),Proposed marker - comprehensive panel,Yes,Fibroblast,Fibroblast,Fibroblast,1,No
Stromal Cells,Fibroblasts,Vimentin,VIM,VIM,No,VIM not available,Fibroblast identification will be limited,,,,Fibroblast,Fibroblast,Fibroblast,1,No
Stromal Cells,Megakaryocytes,GATA1,GATA1,GATA1,Yes,USE THIS GENE,Available as GATA1,Erythroid transcription factor (Eryf1) (GATA-binding factor 1) (GATA-1) (GF-1) (NF-E1 DNA-binding protein),Proposed marker - comprehensive panel,Yes,Megakaryocyte,Megakaryocyte,Megakaryocyte,1,No
Stromal Cells,Megakaryocytes,CD41 (ITGA2B),ITGA2B,ITGA2B,Yes,USE THIS GENE,Available as ITGA2B,Integrin alpha-IIb (GPalpha IIb) (GPIIb) (Platelet membrane glycoprotein IIb) (CD antigen CD41),Proposed marker - comprehensive panel,Yes,Megakaryocyte,Megakaryocyte,Megakaryocyte,1,No
Stromal Cells,Megakaryocytes,CD61 (ITGB3),ITGB3,ITGB3,Yes,USE THIS GENE,Available as ITGB3,Integrin beta-3 (Platelet membrane glycoprotein IIIa) (GPIIIa) (CD antigen CD61),Proposed marker - comprehensive panel,Yes,Megakaryocyte,Megakaryocyte,Megakaryocyte,1,No
Stromal Cells,Megakaryocytes,THPO receptor,MPL,MPL,Yes,USE THIS GENE,Available as MPL,Thrombopoietin receptor (TPO-R) (Myeloproliferative leukemia protein) (Proto-oncogene c-Mpl) (CD antigen CD110),Proposed marker - comprehensive panel,Yes,Megakaryocyte,Megakaryocyte,Megakaryocyte,1,No
Stromal Cells,Megakaryocytes,SELP,SELP,SELP,Yes,USE THIS GENE,Available as SELP,P-selectin (CD62 antigen-like family member P) (Granule membrane protein 140) (GMP-140) (Leukocyte-endothelial cell adhesion molecule 3) (LECAM3) (Platelet activation dependent granule-external membrane protein) (PADGEM) (CD antigen CD62P),Proposed marker - comprehensive panel,Yes,Megakaryocyte,Megakaryocyte,Megakaryocyte,1,No
Stromal Cells,Mesenchymal cells,Platelet Derived Growth Factor Receptor Beta,PDGFRB,PDGFRB,Yes,USE THIS GENE,Available as PDGFRB,Platelet-derived growth factor receptor beta (PDGF-R-beta) (PDGFR-beta),,,Fibroblast,Fibroblast,Fibroblast,1,No
Stromal Cells,Pericytes,ABCC9,ABCC9,ABCC9,Yes,USE THIS GENE,Available as ABCC9,ATP-binding cassette sub-family C member 9 (Sulfonylurea receptor 2),Proposed marker - comprehensive panel,Yes,Pericyte,Pericyte,Pericyte,1,No
Stromal Cells,Pericytes,CD248,CD248,CD248,Yes,USE THIS GENE,Available as CD248,Endosialin (Tumor endothelial marker 1) (CD antigen CD248),Proposed marker - comprehensive panel,Yes,Pericyte,Pericyte,"Pericyte, Endothelial cell",1,No
Stromal Cells,Pericytes,NG2 (CSPG4),CSPG4,CSPG4,Yes,USE THIS GENE,Available as CSPG4,Chondroitin sulfate proteoglycan 4 (Chondroitin sulfate proteoglycan NG2) (Melanoma chondroitin sulfate proteoglycan) (Melanoma-associated chondroitin sulfate proteoglycan),Proposed marker - comprehensive panel,Yes,Pericyte,Pericyte,Pericyte,1,No
Stromal Cells,Pericytes,KCNJ8,KCNJ8,KCNJ8,Yes,USE THIS GENE,Available as KCNJ8,"ATP-sensitive inward rectifier potassium channel 8 (Inward rectifier K(+) channel Kir6.1) (Potassium channel, inwardly rectifying subfamily J member 8) (uKATP-1)",Proposed marker - comprehensive panel,Yes,Pericyte,Pericyte,Pericyte,1,No
Stromal Cells,Pericytes,MCAM (CD146),MCAM,MCAM,Yes,USE THIS GENE,Available as MCAM,Cell surface glycoprotein MUC18 (Cell surface glycoprotein P1H12) (Melanoma cell adhesion molecule) (Melanoma-associated antigen A32) (Melanoma-associated antigen MUC18) (S-endo 1 endothelial-associated antigen) (CD antigen CD146),Proposed marker - comprehensive panel,Yes,Pericyte,Pericyte,Pericyte,1,No
Stromal Cells,Pericytes,NOTCH3,NOTCH3,NOTCH3,Yes,USE THIS GENE,Available as NOTCH3,Neurogenic locus notch homolog protein 3 (Notch 3),Proposed marker - comprehensive panel,Yes,Pericyte,Pericyte,Pericyte,1,No
Stromal Cells,Pericytes,PDGFB,PDGFB,PDGFB,Yes,USE THIS GENE,Available as PDGFB,Platelet-derived growth factor subunit B (PDGF subunit B) (PDGF-2) (Platelet-derived growth factor B chain) (Platelet-derived growth factor beta polypeptide) (Proto-oncogene c-Sis) (Becaplermin),Proposed marker - comprehensive panel,Yes,Pericyte,Pericyte,Pericyte,1,No
Stromal Cells,Pericytes,RGS5,RGS5,RGS5,Yes,USE THIS GENE,Available as RGS5,Regulator of G-protein signaling 5 (RGS5),Proposed marker - comprehensive panel,Yes,Pericyte,Pericyte,Pericyte,1,No
Therapeutic Response,Therapy response,Schlafen Family Member 11,SLFN11,SLFN11,Yes,USE THIS GENE,Available as SLFN11,Schlafen family member 11,,,Malignant cell,Malignant cell,Malignant cell,1,No
Tumor Biology,Cell adhesion and migration,Catenin Delta 1,CTNND1,CTNND1,Yes,USE THIS GENE,Available as CTNND1,Catenin delta-1 (Cadherin-associated Src substrate) (CAS) (p120 catenin) (p120(ctn)) (p120(cas)),,,Malignant cell,Malignant cell,Malignant cell,1,No
Tumor Biology,Cell cycle regulation,Tumor Protein P53,TP53,TP53,Yes,USE THIS GENE,Available as TP53,Cellular tumor antigen p53 (Antigen NY-CO-13) (Phosphoprotein p53) (Tumor suppressor p53),,,Malignant cell,Malignant cell,Malignant cell,1,No
Tumor Biology,Cell proliferation,Cyclin D1,CCND1,CCND1,Yes,USE THIS GENE,Available as CCND1,G1/S-specific cyclin-D1 (B-cell lymphoma 1 protein) (BCL-1) (BCL-1 oncogene) (PRAD1 oncogene),,,Malignant cell,Malignant cell,Malignant cell,1,No
Tumor Biology,DNA repair,Breast Cancer Gene 1,BRCA1,BRCA1,Yes,USE THIS GENE,Available as BRCA1,Breast cancer type 1 susceptibility protein,,,Malignant cell,Malignant cell,Malignant cell,1,No
Tumor Biology,Inflammation,Cyclooxygenase-2,PTGS2,PTGS2,Yes,USE THIS GENE,Available as PTGS2,Prostaglandin G/H synthase 2,,,Malignant cell,Malignant cell,Malignant cell,1,No
Tumor Biology,Tumor aggressiveness,Caveolin-1,CAV1,CAV1,No,CAV1 (Caveolin-1) not available,Tumor aggressiveness marker unavailable,,,,Malignant cell,Malignant cell,Malignant cell,1,No